{
  "fundus": {
    "accuracy": 0.93,
    "precision": 0.971830985915493,
    "recall": 0.9324324324324325,
    "f1_score": 0.9517241379310345,
    "auc": 0.9641372141372142,
    "confusion_matrix": [
      [
        24,
        2
      ],
      [
        5,
        69
      ]
    ],
    "n_predictions": 100
  },
  "ecg": {
    "accuracy": 0.99,
    "precision": 1.0,
    "recall": 0.9864864864864865,
    "f1_score": 0.9931972789115646,
    "auc": 0.9974012474012475,
    "confusion_matrix": [
      [
        26,
        0
      ],
      [
        1,
        73
      ]
    ],
    "n_predictions": 100
  },
  "fused": {
    "accuracy": 1.0,
    "precision": 1.0,
    "recall": 1.0,
    "f1_score": 1.0,
    "auc": 1.0,
    "confusion_matrix": [
      [
        26,
        0
      ],
      [
        0,
        74
      ]
    ],
    "n_predictions": 100
  }
}